{
  "mean": [
    0.13142857142857145,
    0.12571428571428572,
    0.1600000000000001,
    0.017142857142857144,
    0.05714285714285714,
    0.017142857142857144,
    0.017142857142857144,
    0.011428571428571429,
    0.862857142857143,
    1.0457142857142858,
    0.11428571428571428,
    1.1942857142857146,
    0,
    0,
    0.005714285714285714,
    0.005714285714285714,
    0.14857142857142863,
    0.03428571428571429,
    0.011428571428571429,
    0.049474285714285735
  ],
  "std": [
    0.33786846855073155,
    0.33152707895680644,
    0.36660605559646686,
    0.1298036193325777,
    0.23211538298959858,
    0.12980361933257786,
    0.12980361933257784,
    0.10629185850136169,
    1.3152046476902848,
    1.3041347119599178,
    0.43892261416391987,
    1.5107127659566821,
    1,
    1,
    0.07537660547584522,
    0.07537660547584521,
    0.3556655158764671,
    0.1819620951781787,
    0.10629185850136166,
    0.02398876335593269
  ],
  "type": "standard"
}