{
  "min": [
    2,
    0,
    1,
    0,
    0,
    0,
    0,
    0,
    0,
    0,
    0,
    5,
    0,
    3,
    2,
    0,
    0,
    0,
    1,
    0.10024977239769638,
    0.10047082644376829
  ],
  "max": [
    32,
    28,
    20,
    0.896551724137931,
    3,
    0,
    2,
    0,
    3,
    0,
    1,
    154,
    2,
    22,
    37,
    0,
    1,
    0,
    1,
    4.897421544148523,
    2.8996682113834398
  ],
  "scale": [
    30,
    28,
    19,
    0.896551724137931,
    3,
    1,
    2,
    1,
    3,
    1,
    1,
    149,
    2,
    19,
    35,
    1,
    1,
    1,
    1,
    4.797171771750826,
    2.7991973849396716
  ],
  "type": "minmax"
}