{
  "threshold": 0.049833543598651886,
  "p90": 0.034523189067840576,
  "p95": 0.0413176454603672,
  "p99": 0.06622878462076187,
  "malRecall": 1,
  "benignFPR": 0.029,
  "feature_dim": 21,
  "trained_on": 8000
}