{
  "mean": [
    78.4472271914133,
    20.010733452593954,
    30.906082289803283,
    3.0742397137745847,
    4.78533094812167,
    0.23971377459749588,
    0.6055456171735238,
    0.024150268336314843,
    0.4007155635062614,
    0,
    0.022361359570661894,
    0.7620751341681549,
    0.32021466905187906,
    0.27638640429338235,
    0.024150268336314843,
    0.04382826475849729,
    0.0948121645796066,
    0.26565295169946457,
    0.005366726296958855,
    0.4508050089445463,
    1.1914132379248512,
    0.15610256716944496,
    0.0035778175313059034,
    0.5438282647584977,
    0.15026833631484846,
    0.16457960644007216,
    0.027728085867620742,
    0.01341681574239714,
    0.053667262969588514,
    0.07871198568872993
  ],
  "std": [
    73.0926972068825,
    9.686677829319196,
    36.04843118021843,
    2.405799140091639,
    2.3923101737434616,
    0.6509637195949313,
    1.8056375682520895,
    0.15351557860881465,
    1.54493790148785,
    1,
    0.24008228689737218,
    1.163976277386743,
    1.3075271107439526,
    0.4472101964570544,
    0.15351557860881465,
    0.20471284270107976,
    0.2929553174587118,
    0.4416802700515722,
    0.07306110145496361,
    0.4975739672200076,
    0.851725370360234,
    0.14673173748164467,
    0.05970776124607661,
    0.498075379042429,
    0.3573342460722396,
    0.37080070062514925,
    0.16419268900209308,
    0.11505131375925925,
    0.22535990738137085,
    0.2692887093765101
  ],
  "type": "standard"
}